year,week,sum_new_persons_vaccinated,sum_new_persons_fully_vaccinated,sum_new_vaccine_doses_administered
2020,4,,0,
2020,5,,0,
2020,6,,0,
2020,7,,0,
2020,8,,0,
2020,9,,0,
2020,10,,0,
2020,11,0.0,0,0.0
2020,12,0.0,0,0.0
2020,13,0.0,0,0.0
2020,14,0.0,0,0.0
2020,15,0.0,0,0.0
2020,16,0.0,0,0.0
2020,17,0.0,0,0.0
2020,18,0.0,0,0.0
2020,19,0.0,0,0.0
2020,20,0.0,0,0.0
2020,21,0.0,0,0.0
2020,22,0.0,0,0.0
2020,23,0.0,0,0.0
2020,24,0.0,0,0.0
2020,25,0.0,0,0.0
2020,26,0.0,0,0.0
2020,27,0.0,0,0.0
2020,28,0.0,0,0.0
2020,29,0.0,0,0.0
2020,30,0.0,0,0.0
2020,31,0.0,0,0.0
2020,32,0.0,0,0.0
2020,33,0.0,0,0.0
2020,34,0.0,0,0.0
2020,35,0.0,0,0.0
2020,36,0.0,0,0.0
2020,37,0.0,0,0.0
2020,38,0.0,0,0.0
2020,39,0.0,0,0.0
2020,40,0.0,0,0.0
2020,41,0.0,0,0.0
2020,42,0.0,0,0.0
2020,43,0.0,0,0.0
2020,44,0.0,0,0.0
2020,45,0.0,0,0.0
2020,46,0.0,0,0.0
2020,47,0.0,0,0.0
2020,48,0.0,0,0.0
2020,49,0.0,0,0.0
2020,50,30832.0,0,37836.0
2020,51,1191179.0,4845,1219406.0
2020,52,3024029.0,10915,3064490.0
2020,53,4672840.0,21425,7739437.0
2021,1,10872116.0,1244052,59135717.0
2021,2,49165514.0,25713789,308208808.0
2021,3,180133790.0,120342728,306913666.0
2021,4,200504327.0,135893610,347527565.0
2021,5,218474611.0,149152062,377325394.0
2021,6,167972697.0,113347145,293329478.0
2021,7,202945671.0,140802335,346313693.0
2021,8,186060949.0,131105334,325663580.0
2021,9,154529970.0,92336732,249512411.0
2021,10,71242747.0,29499118,113795996.0
2021,11,90183914.0,34562639,140833342.0
2021,12,95744811.0,33408609,162249581.0
2021,13,113704637.0,49457722,196096804.0
2021,14,119780641.0,44942100,197357221.0
2021,15,110923589.0,61328435,192708666.0
2021,16,96392669.0,66195892,191979945.0
2021,17,87363996.0,70729182,205492565.0
2021,18,92419227.0,87200588,230520723.0
2021,19,84269300.0,67845573,234569007.0
2021,20,98871707.0,60474888,259882331.0
2021,21,108811137.0,60870648,300421240.0
2021,22,118031668.0,63578363,314423138.0
2021,23,132388128.0,76167307,314153258.0
2021,24,137779448.0,86640897,365086598.0
2021,25,159698094.0,89102020,426639039.0
2021,26,129009863.0,99590542,311538319.0
2021,27,117600706.0,99415774,287132161.0
2021,28,122031483.0,104314547,298382515.0
2021,29,117550208.0,100971965,318529018.0
2021,30,146973473.0,106180843,375634821.0
2021,31,144047306.0,97767767,351229525.0
2021,32,149822068.0,106271424,330079139.0
2021,33,141804228.0,105097172,338197535.0
2021,34,609757558.0,236678940,381072652.0
2021,35,167882609.0,198283162,323555949.0
2021,36,159112042.0,128761567,321000254.0
2021,37,151946284.0,183684702,307016756.0
2021,38,120689394.0,116703223,260787311.0
2021,39,134817018.0,141635495,272959782.0
2021,40,107134997.0,123026827,250186491.0
2021,41,80634290.0,94032296,196996716.0
2021,42,111615892.0,158901767,260115305.0
2021,43,87373426.0,132235302,269624320.0
2021,44,61663735.0,76018887,224980541.0
2021,45,76838186.0,92341205,248701035.0
2021,46,183349850.0,85303815,229014818.0
2021,47,64381663.0,116605263,248634045.0
2021,48,85869897.0,141057520,285723364.0
2021,49,64802059.0,133692680,265291664.0
2021,50,59320017.0,109892462,277033367.0
2021,51,46931795.0,79969293,259336080.0
2021,52,71616282.0,73734526,193523000.0
2021,53,2665310.0,24275,2693256.0
2022,1,77025696.0,69323012,248697871.0
2022,2,82197199.0,86589390,257775493.0
2022,3,63311513.0,72820512,221378001.0
2022,4,40574893.0,58147057,169108201.0
2022,5,41534963.0,60542928,192241333.0
2022,6,40123447.0,58756399,181745060.0
2022,7,46322948.0,70303621,188061626.0
2022,8,45873729.0,43977028,146549196.0
2022,9,46440011.0,46244390,160607923.0
2022,10,23195925.0,42813242,111915295.0
2022,11,20259295.0,32074210,97599736.0
2022,12,25670354.0,28148703,105133860.0
2022,13,22687807.0,49932716,119733254.0
2022,14,20510742.0,33038635,87874450.0
2022,15,10816157.0,16299807,65192853.0
2022,16,11292807.0,18997660,73672700.0
2022,17,23522474.0,27782016,79855511.0
2022,18,13977213.0,17150895,48262906.0
2022,19,8504166.0,19601230,55249169.0
2022,20,11526303.0,16756134,57754871.0
2022,21,8175704.0,15022723,47311495.0
2022,22,16516611.0,16454857,48580622.0
2022,23,7072078.0,14674111,68657180.0
2022,24,17828401.0,25002935,56357875.0
2022,25,10006623.0,14777928,67008272.0
2022,26,11589545.0,18260410,47162505.0
2022,27,19871432.0,16030351,49988955.0
2022,28,10603683.0,14454561,54123689.0
2022,29,17797736.0,17766649,78335086.0
2022,30,19971425.0,20388515,56565453.0
2022,31,18887824.0,14052775,64956429.0
2022,32,12758344.0,15666664,45262923.0
2022,33,12320421.0,12421637,67239930.0
2022,34,7009475.0,7109915,46982076.0
2022,35,16253078.0,13314930,55022455.0
2022,36,4327457.0,7398562,31611285.0
2022,37,2777264.0,3189921,17746397.0
2022,52,11475209.0,11172783,37352895.0
