year,week,sum_new_confirmed,sum_new_deceased
2019,1,,
2020,1,15214.0,1120.0
2020,2,8594.0,1.0
2020,3,3078.0,5.0
2020,4,8116.0,172.0
2020,5,31724.0,612.0
2020,6,48001.0,1132.0
2020,7,63660.0,1750.0
2020,8,18176.0,1471.0
2020,9,-277836.0,895.0
2020,10,48053.0,1578.0
2020,11,182169.0,5947.0
2020,12,542622.0,21901.0
2020,13,1055644.0,56378.0
2020,14,1338800.0,95528.0
2020,15,1413822.0,114472.0
2020,16,1321473.0,115563.0
2020,17,1387623.0,104335.0
2020,18,1966184.0,100445.0
2020,19,1483148.0,97917.0
2020,20,1536778.0,88891.0
2020,21,891009.0,86701.0
2020,22,1875970.0,84242.0
2020,23,1993927.0,84995.0
2020,24,2151148.0,83582.0
2020,25,2485119.0,88922.0
2020,26,3021987.0,84407.0
2020,27,3408372.0,84960.0
2020,28,3773445.0,91960.0
2020,29,4186293.0,101934.0
2020,30,4728147.0,108646.0
2020,31,4831450.0,112184.0
2020,32,4833864.0,112698.0
2020,33,4909222.0,110129.0
2020,34,4677715.0,106476.0
2020,35,4937655.0,101307.0
2020,36,5156549.0,103558.0
2020,37,5128024.0,93250.0
2020,38,5465320.0,96586.0
2020,39,5488186.0,93016.0
2020,40,5821287.0,91294.0
2020,41,6184342.0,91249.0
2020,42,6649620.0,94426.0
2020,43,7977157.0,95838.0
2020,44,8925746.0,111158.0
2020,45,9676453.0,128304.0
2020,46,9783228.0,141837.0
2020,47,10682658.0,156786.0
2020,48,9739215.0,162921.0
2020,49,10478460.0,179971.0
2020,50,11082984.0,188152.0
2020,51,11738412.0,197156.0
2020,52,9977506.0,173894.0
2020,53,7435240.0,127473.0
2021,1,13698038.0,227624.0
2021,2,12376261.0,242051.0
2021,3,10457671.0,241289.0
2021,4,9332597.0,233642.0
2021,5,7855076.0,209712.0
2021,6,6642417.0,191021.0
2021,7,6173142.0,157783.0
2021,8,6606696.0,155403.0
2021,9,6884332.0,148776.0
2021,10,7335292.0,153821.0
2021,11,8346386.0,161788.0
2021,12,9525676.0,172076.0
2021,13,9917864.0,183663.0
2021,14,11529207.0,206846.0
2021,15,13092468.0,215640.0
2021,16,14323525.0,227723.0
2021,17,14466834.0,239630.0
2021,18,14205355.0,232867.0
2021,19,12359186.0,223073.0
2021,20,10765459.0,218987.0
2021,21,8927022.0,202417.0
2021,22,7322388.0,174175.0
2021,23,6668585.0,195554.0
2021,24,6273631.0,157728.0
2021,25,6428873.0,134863.0
2021,26,6558391.0,144768.0
2021,27,7277520.0,110908.0
2021,28,8302555.0,122737.0
2021,29,8401520.0,143132.0
2021,30,9080559.0,132035.0
2021,31,9724868.0,133910.0
2021,32,9997843.0,134484.0
2021,33,10336874.0,136132.0
2021,34,10320711.0,135171.0
2021,35,9716737.0,127579.0
2021,36,8621276.0,119385.0
2021,37,8549557.0,136010.0
2021,38,7396229.0,115175.0
2021,39,6803815.0,108634.0
2021,40,6633582.0,100981.0
2021,41,6454114.0,94813.0
2021,42,6681712.0,103812.0
2021,43,3917211.0,68214.0
2021,44,7021683.0,99421.0
2021,45,8294969.0,107313.0
2021,46,9219602.0,110008.0
2021,47,9564886.0,103998.0
2021,48,10807408.0,118332.0
2021,49,10881093.0,106962.0
2021,50,12447816.0,101742.0
2021,51,16216619.0,97728.0
2021,52,23289881.0,78680.0
2021,53,4394900.0,73544.0
2022,1,46109222.0,100722.0
2022,2,54459626.0,120990.0
2022,3,60097602.0,137172.0
2022,4,55682099.0,157634.0
2022,5,43805872.0,171285.0
2022,6,33196527.0,161953.0
2022,7,23095959.0,143174.0
2022,8,18505431.0,120628.0
2022,9,17387282.0,97679.0
2022,10,19706405.0,83977.0
2022,11,20535048.0,64817.0
2022,12,19172382.0,93769.0
2022,13,15912675.0,52024.0
2022,14,13217613.0,43952.0
2022,15,10467778.0,38233.0
2022,16,9139575.0,35209.0
2022,17,7924114.0,32536.0
2022,18,15554835.0,50435.0
2022,19,811791.0,1312.0
2022,20,7758910.0,19765.0
2022,21,14690924.0,41235.0
2022,22,-1155205.0,-4850.0
2022,23,7289899.0,-35553.0
2022,24,7472277.0,58315.0
2022,25,9274723.0,20837.0
2022,26,10908604.0,-18729.0
2022,27,12329509.0,66876.0
2022,28,13288569.0,29800.0
2022,29,13109693.0,37439.0
2022,30,12244450.0,30897.0
2022,31,11552454.0,33560.0
2022,32,9470804.0,33147.0
2022,33,9252358.0,30190.0
2022,34,8350726.0,29485.0
2022,35,15200480.0,48749.0
2022,36,14115985.0,42582.0
2022,37,10782011.0,32922.0
2022,38,0.0,
2022,39,0.0,
2022,52,5752828.0,15412.0
