year,week,sum_new_confirmed,sum_new_deceased,sum_new_persons_vaccinated,sum_new_persons_fully_vaccinated,sum_new_vaccine_doses_administered
2019,1,,,,,
2020,1,15214.0,1120.0,,,
2020,2,8594.0,1.0,,,
2020,3,3078.0,5.0,,,
2020,4,8116.0,172.0,,0.0,
2020,5,31724.0,612.0,,0.0,
2020,6,48001.0,1132.0,,0.0,
2020,7,63660.0,1750.0,,0.0,
2020,8,18176.0,1471.0,,0.0,
2020,9,-277836.0,895.0,,0.0,
2020,10,48053.0,1578.0,,0.0,
2020,11,182169.0,5947.0,0.0,0.0,0.0
2020,12,542622.0,21901.0,0.0,0.0,0.0
2020,13,1055644.0,56378.0,0.0,0.0,0.0
2020,14,1338800.0,95528.0,0.0,0.0,0.0
2020,15,1413822.0,114472.0,0.0,0.0,0.0
2020,16,1321473.0,115563.0,0.0,0.0,0.0
2020,17,1387623.0,104335.0,0.0,0.0,0.0
2020,18,1966184.0,100445.0,0.0,0.0,0.0
2020,19,1483148.0,97917.0,0.0,0.0,0.0
2020,20,1536778.0,88891.0,0.0,0.0,0.0
2020,21,891009.0,86701.0,0.0,0.0,0.0
2020,22,1875970.0,84242.0,0.0,0.0,0.0
2020,23,1993927.0,84995.0,0.0,0.0,0.0
2020,24,2151148.0,83582.0,0.0,0.0,0.0
2020,25,2485119.0,88922.0,0.0,0.0,0.0
2020,26,3021987.0,84407.0,0.0,0.0,0.0
2020,27,3408372.0,84960.0,0.0,0.0,0.0
2020,28,3773445.0,91960.0,0.0,0.0,0.0
2020,29,4186293.0,101934.0,0.0,0.0,0.0
2020,30,4728147.0,108646.0,0.0,0.0,0.0
2020,31,4831450.0,112184.0,0.0,0.0,0.0
2020,32,4833864.0,112698.0,0.0,0.0,0.0
2020,33,4909222.0,110129.0,0.0,0.0,0.0
2020,34,4677715.0,106476.0,0.0,0.0,0.0
2020,35,4937655.0,101307.0,0.0,0.0,0.0
2020,36,5156549.0,103558.0,0.0,0.0,0.0
2020,37,5128024.0,93250.0,0.0,0.0,0.0
2020,38,5465320.0,96586.0,0.0,0.0,0.0
2020,39,5488186.0,93016.0,0.0,0.0,0.0
2020,40,5821287.0,91294.0,0.0,0.0,0.0
2020,41,6184342.0,91249.0,0.0,0.0,0.0
2020,42,6649620.0,94426.0,0.0,0.0,0.0
2020,43,7977157.0,95838.0,0.0,0.0,0.0
2020,44,8925746.0,111158.0,0.0,0.0,0.0
2020,45,9676453.0,128304.0,0.0,0.0,0.0
2020,46,9783228.0,141837.0,0.0,0.0,0.0
2020,47,10682658.0,156786.0,0.0,0.0,0.0
2020,48,9739215.0,162921.0,0.0,0.0,0.0
2020,49,10478460.0,179971.0,0.0,0.0,0.0
2020,50,11082984.0,188152.0,30832.0,0.0,37836.0
2020,51,11738412.0,197156.0,1191179.0,4845.0,1219406.0
2020,52,9977506.0,173894.0,3024029.0,10915.0,3064490.0
2020,53,7435240.0,127473.0,4672840.0,21425.0,7739437.0
2021,1,13698038.0,227624.0,10872116.0,1244052.0,59135717.0
2021,2,12376261.0,242051.0,49165514.0,25713789.0,308208808.0
2021,3,10457671.0,241289.0,180133790.0,120342728.0,306913666.0
2021,4,9332597.0,233642.0,200504327.0,135893610.0,347527565.0
2021,5,7855076.0,209712.0,218474611.0,149152062.0,377325394.0
2021,6,6642417.0,191021.0,167972697.0,113347145.0,293329478.0
2021,7,6173142.0,157783.0,202945671.0,140802335.0,346313693.0
2021,8,6606696.0,155403.0,186060949.0,131105334.0,325663580.0
2021,9,6884332.0,148776.0,154529970.0,92336732.0,249512411.0
2021,10,7335292.0,153821.0,71242747.0,29499118.0,113795996.0
2021,11,8346386.0,161788.0,90183914.0,34562639.0,140833342.0
2021,12,9525676.0,172076.0,95744811.0,33408609.0,162249581.0
2021,13,9917864.0,183663.0,113704637.0,49457722.0,196096804.0
2021,14,11529207.0,206846.0,119780641.0,44942100.0,197357221.0
2021,15,13092468.0,215640.0,110923589.0,61328435.0,192708666.0
2021,16,14323525.0,227723.0,96392669.0,66195892.0,191979945.0
2021,17,14466834.0,239630.0,87363996.0,70729182.0,205492565.0
2021,18,14205355.0,232867.0,92419227.0,87200588.0,230520723.0
2021,19,12359186.0,223073.0,84269300.0,67845573.0,234569007.0
2021,20,10765459.0,218987.0,98871707.0,60474888.0,259882331.0
2021,21,8927022.0,202417.0,108811137.0,60870648.0,300421240.0
2021,22,7322388.0,174175.0,118031668.0,63578363.0,314423138.0
2021,23,6668585.0,195554.0,132388128.0,76167307.0,314153258.0
2021,24,6273631.0,157728.0,137779448.0,86640897.0,365086598.0
2021,25,6428873.0,134863.0,159698094.0,89102020.0,426639039.0
2021,26,6558391.0,144768.0,129009863.0,99590542.0,311538319.0
2021,27,7277520.0,110908.0,117600706.0,99415774.0,287132161.0
2021,28,8302555.0,122737.0,122031483.0,104314547.0,298382515.0
2021,29,8401520.0,143132.0,117550208.0,100971965.0,318529018.0
2021,30,9080559.0,132035.0,146973473.0,106180843.0,375634821.0
2021,31,9724868.0,133910.0,144047306.0,97767767.0,351229525.0
2021,32,9997843.0,134484.0,149822068.0,106271424.0,330079139.0
2021,33,10336874.0,136132.0,141804228.0,105097172.0,338197535.0
2021,34,10320711.0,135171.0,609757558.0,236678940.0,381072652.0
2021,35,9716737.0,127579.0,167882609.0,198283162.0,323555949.0
2021,36,8621276.0,119385.0,159112042.0,128761567.0,321000254.0
2021,37,8549557.0,136010.0,151946284.0,183684702.0,307016756.0
2021,38,7396229.0,115175.0,120689394.0,116703223.0,260787311.0
2021,39,6803815.0,108634.0,134817018.0,141635495.0,272959782.0
2021,40,6633582.0,100981.0,107134997.0,123026827.0,250186491.0
2021,41,6454114.0,94813.0,80634290.0,94032296.0,196996716.0
2021,42,6681712.0,103812.0,111615892.0,158901767.0,260115305.0
2021,43,3917211.0,68214.0,87373426.0,132235302.0,269624320.0
2021,44,7021683.0,99421.0,61663735.0,76018887.0,224980541.0
2021,45,8294969.0,107313.0,76838186.0,92341205.0,248701035.0
2021,46,9219602.0,110008.0,183349850.0,85303815.0,229014818.0
2021,47,9564886.0,103998.0,64381663.0,116605263.0,248634045.0
2021,48,10807408.0,118332.0,85869897.0,141057520.0,285723364.0
2021,49,10881093.0,106962.0,64802059.0,133692680.0,265291664.0
2021,50,12447816.0,101742.0,59320017.0,109892462.0,277033367.0
2021,51,16216619.0,97728.0,46931795.0,79969293.0,259336080.0
2021,52,23289881.0,78680.0,71616282.0,73734526.0,193523000.0
2021,53,4394900.0,73544.0,2665310.0,24275.0,2693256.0
2022,1,46109222.0,100722.0,77025696.0,69323012.0,248697871.0
2022,2,54459626.0,120990.0,82197199.0,86589390.0,257775493.0
2022,3,60097602.0,137172.0,63311513.0,72820512.0,221378001.0
2022,4,55682099.0,157634.0,40574893.0,58147057.0,169108201.0
2022,5,43805872.0,171285.0,41534963.0,60542928.0,192241333.0
2022,6,33196527.0,161953.0,40123447.0,58756399.0,181745060.0
2022,7,23095959.0,143174.0,46322948.0,70303621.0,188061626.0
2022,8,18505431.0,120628.0,45873729.0,43977028.0,146549196.0
2022,9,17387282.0,97679.0,46440011.0,46244390.0,160607923.0
2022,10,19706405.0,83977.0,23195925.0,42813242.0,111915295.0
2022,11,20535048.0,64817.0,20259295.0,32074210.0,97599736.0
2022,12,19172382.0,93769.0,25670354.0,28148703.0,105133860.0
2022,13,15912675.0,52024.0,22687807.0,49932716.0,119733254.0
2022,14,13217613.0,43952.0,20510742.0,33038635.0,87874450.0
2022,15,10467778.0,38233.0,10816157.0,16299807.0,65192853.0
2022,16,9139575.0,35209.0,11292807.0,18997660.0,73672700.0
2022,17,7924114.0,32536.0,23522474.0,27782016.0,79855511.0
2022,18,15554835.0,50435.0,13977213.0,17150895.0,48262906.0
2022,19,811791.0,1312.0,8504166.0,19601230.0,55249169.0
2022,20,7758910.0,19765.0,11526303.0,16756134.0,57754871.0
2022,21,14690924.0,41235.0,8175704.0,15022723.0,47311495.0
2022,22,-1155205.0,-4850.0,16516611.0,16454857.0,48580622.0
2022,23,7289899.0,-35553.0,7072078.0,14674111.0,68657180.0
2022,24,7472277.0,58315.0,17828401.0,25002935.0,56357875.0
2022,25,9274723.0,20837.0,10006623.0,14777928.0,67008272.0
2022,26,10908604.0,-18729.0,11589545.0,18260410.0,47162505.0
2022,27,12329509.0,66876.0,19871432.0,16030351.0,49988955.0
2022,28,13288569.0,29800.0,10603683.0,14454561.0,54123689.0
2022,29,13109693.0,37439.0,17797736.0,17766649.0,78335086.0
2022,30,12244450.0,30897.0,19971425.0,20388515.0,56565453.0
2022,31,11552454.0,33560.0,18887824.0,14052775.0,64956429.0
2022,32,9470804.0,33147.0,12758344.0,15666664.0,45262923.0
2022,33,9252358.0,30190.0,12320421.0,12421637.0,67239930.0
2022,34,8350726.0,29485.0,7009475.0,7109915.0,46982076.0
2022,35,15200480.0,48749.0,16253078.0,13314930.0,55022455.0
2022,36,14115985.0,42582.0,4327457.0,7398562.0,31611285.0
2022,37,10782011.0,32922.0,2777264.0,3189921.0,17746397.0
2022,38,0.0,,,,
2022,39,0.0,,,,
2022,52,5752828.0,15412.0,11475209.0,11172783.0,37352895.0
